Data Source,District,Variety,Yield
Cumilla RS,Cumilla,BRRI Hyrid dhan6,4.37
Cumilla RS,Cumilla,BRRI dhan103,6.52
Cumilla RS,Cumilla,BRRI dhan103,5.24
Cumilla RS,Cumilla,BRRI dhan103,5.45
Cumilla RS,Cumilla,BRRI dhan103,5.67
Cumilla RS,Cumilla,BRRI dhan103,6.25
Cumilla RS,Cumilla,BRRI dhan103,5.89
Cumilla RS,Cumilla,BRRI dhan103,5.89
Cumilla RS,Cumilla,BRRI dhan103,5.77
Cumilla RS,Cumilla,BRRI dhan103,6.35
Cumilla RS,Cumilla,BRRI dhan103,5.49
Cumilla RS,Cumilla,BRRI dhan103,5.99
Cumilla RS,Cumilla,BRRI dhan103,6.33
Cumilla RS,Cumilla,BRRI dhan103,6.21
Cumilla RS,Cumilla,BRRI dhan103,6.19
Cumilla RS,Cumilla,BRRI dhan103,5.82
Cumilla RS,Cumilla,BRRI dhan103,5.68
Cumilla RS,Cumilla,BRRI dhan103,5.81
Cumilla RS,Cumilla,BRRI dhan103,6.12
Cumilla RS,Cumilla,BRRI dhan103,6.25
Cumilla RS,Cumilla,BRRI dhan103,5.88
Cumilla RS,Cumilla,BRRI dhan103,5.65
Cumilla RS,Cumilla,BRRI dhan103,6.29
Cumilla RS,Cumilla,BRRI dhan103,5.67
Cumilla RS,Cumilla,BRRI dhan103,6.41
Cumilla RS,Cumilla,BRRI dhan103,6.32
Cumilla RS,Chandpur,BRRI dhan103,6.44
Cumilla RS,Chandpur,BRRI dhan103,5.95
Cumilla RS,Chandpur,BRRI dhan103,6.09
Cumilla RS,Chandpur,BRRI dhan103,6.12
Cumilla RS,Chandpur,BRRI dhan103,5.93
Cumilla RS,Chandpur,BRRI dhan103,5.49
Cumilla RS,Chandpur,BRRI dhan103,5.84
Cumilla RS,Chandpur,BRRI dhan103,6.22
Cumilla RS,Chandpur,BRRI dhan103,6.35
Cumilla RS,Chandpur,BRRI dhan103,6.04
Cumilla RS,Chandpur,BRRI dhan103,5.83
Cumilla RS,Chandpur,BRRI dhan103,5.61
Cumilla RS,Chandpur,BRRI dhan103,5.89
Cumilla RS,Chandpur,BRRI dhan103,6.19
Cumilla RS,Chandpur,BRRI dhan103,5.21
Cumilla RS,Chandpur,BRRI dhan103,5.89
Cumilla RS,Chandpur,BRRI dhan103,6.25
Cumilla RS,Chandpur,BRRI dhan103,6.18
Cumilla RS,Chandpur,BRRI dhan103,6.21
Cumilla RS,Chandpur,BRRI dhan103,5.12
Cumilla RS,Cumilla,BRRI dhan103,5.75
Cumilla RS,Cumilla,BRRI dhan103,5.21
Cumilla RS,Cumilla,BRRI dhan103,4.98
Cumilla RS,Cumilla,BRRI dhan103,4.86
Cumilla RS,Cumilla,BRRI dhan104,5.55
Rangpur RS,Rangpur,BRRI Hyrid dhan6,5.6
Rangpur RS,Rangpur,BRRI Hyrid dhan6,6.2
Rangpur RS,Rangpur,BRRI Hyrid dhan6,5.8
Rangpur RS,Rangpur,BRRI Hyrid dhan6,5.4
Rangpur RS,Rangpur,BRRI Hyrid dhan6,5.8
Rangpur RS,Rangpur,BRRI Hyrid dhan6,6.1
Rangpur RS,Rangpur,BRRI Hyrid dhan6,6
Rangpur RS,Rangpur,BRRI Hyrid dhan6,5.4
Rangpur RS,Lalmonirhat,BRRI Hyrid dhan6,5
Rangpur RS,Kurigram,BRRI Hyrid dhan6,5.6
Rangpur RS,Rangpur,BRRI Hyrid dhan4,5.4
Rangpur RS,Rangpur,BRRI Hyrid dhan4,5.8
Rangpur RS,Rangpur,BRRI Hyrid dhan4,5.6
Rangpur RS,Rangpur,BRRI Hyrid dhan4,5.4
Rangpur RS,Rangpur,BRRI Hyrid dhan4,5.5
Rangpur RS,Gaibandha,BRRI Hyrid dhan4,5.8
Rangpur RS,Rangpur,BRRI Hyrid dhan4,5.2
Rangpur RS,Nilphamari,BRRI Hyrid dhan4,5.9
Rangpur RS,Nilphamari,BRRI Hyrid dhan4,6.2
Rangpur RS,Gaibandha,BRRI Hyrid dhan4,6
Satkhira RS,Satkhira,BRRI Hyrid dhan6,5.7
Satkhira RS,Satkhira,BRRI Hyrid dhan6,6.2
Satkhira RS,Satkhira,BRRI Hyrid dhan6,6.1
Satkhira RS,Satkhira,BRRI Hyrid dhan6,5.3
Satkhira RS,Satkhira,BRRI Hyrid dhan6,5.8
Satkhira RS,Satkhira,BRRI Hyrid dhan6,6.1
Satkhira RS,Satkhira,BRRI Hyrid dhan6,6
Satkhira RS,Satkhira,BRRI Hyrid dhan6,5.5
Satkhira RS,Satkhira,BRRI Hyrid dhan6,5
Satkhira RS,Satkhira,BRRI Hyrid dhan6,5.6
Satkhira RS,Satkhira,BRRI Hyrid dhan6,5.4
Satkhira RS,Satkhira,BRRI Hyrid dhan7,5.2
Satkhira RS,Satkhira,BRRI Hyrid dhan6,5.6
Satkhira RS,Satkhira,BRRI Hyrid dhan6,5.4
Satkhira RS,Satkhira,BRRI Hyrid dhan6,5.5
Satkhira RS,Satkhira,BRRI Hyrid dhan6,5.8
Satkhira RS,Jashore,BRRI Hyrid dhan6,5.8
Satkhira RS,Jashore,BRRI Hyrid dhan6,6.1
Satkhira RS,Jashore,BRRI Hyrid dhan6,6
Satkhira RS,Satkhira,BRRI Hyrid dhan6,6.1
Kushtia RS,Meherpur,BRRI Hyrid dhan6,6.7
Kushtia RS,Magura,BRRI Hyrid dhan6,6.5
Kushtia RS,Magura,BRRI Hyrid dhan6,6.12
Kushtia RS,Kushtia,BRRI Hyrid dhan6,6.29
Kushtia RS,Kushtia,BRRI Hyrid dhan6,6.75
Kushtia RS,Kushtia,BRRI Hyrid dhan6,6.32
Kushtia RS,Magura,BRRI Hyrid dhan6,6.2
Kushtia RS,Kushtia,BRRI Hyrid dhan6,6.51
Kushtia RS,Jhenaidah,BRRI Hyrid dhan6,6.29
Kushtia RS,Kushtia,BRRI Hyrid dhan6,6.4
Kushtia RS,Kushtia,BRRI Hyrid dhan6,5.34
Kushtia RS,Kushtia,BRRI Hyrid dhan6,6.8
Kushtia RS,Kushtia,BRRI Hyrid dhan6,5.37
Kushtia RS,Kushtia,BRRI Hyrid dhan6,6
Kushtia RS,Kushtia,BRRI Hyrid dhan6,5.67
Barishal RS,Pirojpur,BRRI Hyrid dhan4,5.7
Barishal RS,Pirojpur,BRRI Hyrid dhan4,5
Barishal RS,Barguna,BRRI Hyrid dhan4,4.7
Barishal RS,Barguna,BRRI Hyrid dhan4,5.3
Barishal RS,Barguna,BRRI Hyrid dhan4,6
Barishal RS,Barguna,BRRI Hyrid dhan4,5.4
Barishal RS,Barguna,BRRI Hyrid dhan4,4.7
Barishal RS,Barguna,BRRI Hyrid dhan4,3.9
Barishal RS,Bhola,BRRI Hyrid dhan4,5.7
Barishal RS,Barishal,BRRI Hyrid dhan4,4.5
Barishal RS,Barishal,BRRI Hyrid dhan4,4.1
Barishal RS,Pirojpur,BRRI Hyrid dhan4,4.3
Barishal RS,Pirojpur,BRRI Hyrid dhan4,5.8
Barishal RS,Barguna,BRRI Hyrid dhan4,5.6
Barishal RS,Barguna,BRRI Hyrid dhan4,4.6
Barishal RS,Patuakhali,BRRI Hyrid dhan4,6.2
Barishal RS,Patuakhali,BRRI Hyrid dhan4,5.8
Barishal RS,Patuakhali,BRRI Hyrid dhan4,4.7
Barishal RS,Patuakhali,BRRI Hyrid dhan4,5.8
Barishal RS,Patuakhali,BRRI Hyrid dhan4,5.6
Sonagazi RS,Feni,BRRI dhan95,5.7
Sonagazi RS,Feni,BRRI dhan71,5.5
Sonagazi RS,Feni,BRRI dhan52,5
Sonagazi RS,Feni,BRRI dhan52,4.9
Sonagazi RS,Feni,BRRI dhan87,6.1
Sonagazi RS,Feni,BRRI dhan87,6
Sonagazi RS,Feni,BRRI dhan87,5.8
Sonagazi RS,Feni,BRRI dhan103,6.2
Sonagazi RS,Feni,BRRI dhan103,6.3
Sonagazi RS,Noakhali,BRRI dhan94,5.9
Sonagazi RS,Noakhali,BRRI dhan52,4.8
Sonagazi RS,Feni,BRRI dhan94,5.7
Sonagazi RS,Feni,BRRI dhan109,6
Sonagazi RS,Feni,BRRI dhan94,6.4
Sonagazi RS,Feni,BRRI dhan71,5
Sonagazi RS,Feni,BRRI dhan71,4.8
Sonagazi RS,Feni,BRRI dhan94,5.6
Sonagazi RS,Feni,BRRI dhan71,5.1
Sonagazi RS,Feni,BRRI dhan71,5.5
Sonagazi RS,Feni,BRRI dhan71,4.8
Sonagazi RS,Feni,BRRI dhan75,5.5
Sonagazi RS,Feni,BRRI dhan71,6
Sonagazi RS,Feni,BRRI dhan94,6.3
Sonagazi RS,Feni,BRRI dhan94,6.1
Sonagazi RS,Feni,BRRI dhan94,5.9
Sonagazi RS,Feni,BRRI dhan110,6.2
Sonagazi RS,Feni,BRRI dhan110,6
Sonagazi RS,Feni,BRRI dhan51,4.5
Sonagazi RS,Feni,BRRI dhan52,5
Sonagazi RS,Feni,BRRI dhan94,5.5
Sonagazi RS,Feni,BRRI dhan52,4.9
Sonagazi RS,Feni,BRRI dhan52,4.8
Sonagazi RS,Feni,BRRI dhan52,5
Sonagazi RS,Feni,BRRI dhan52,5.1
Sonagazi RS,Feni,BRRI dhan52,4.7
Sonagazi RS,Feni,BRRI dhan52,5.2
Sonagazi RS,Feni,BRRI dhan52,4.6
Sonagazi RS,Feni,BRRI dhan52,4.5
Sonagazi RS,Feni,BRRI dhan52,4.4
Sonagazi RS,Feni,BRRI dhan103,6.6
Sonagazi RS,Feni,BRRI dhan103,6.8
Sonagazi RS,Feni,BRRI dhan78,4.5
Sonagazi RS,Feni,BRRI dhan103,6.5
Sonagazi RS,Feni,BRRI dhan103,6
Sonagazi RS,Feni,BRRI dhan103,6.8
Sonagazi RS,Feni,BRRI dhan109,5.5
Sonagazi RS,Feni,BRRI dhan71,5.3
Sonagazi RS,Feni,BRRI dhan51,4.5
Sonagazi RS,Feni,BRRI dhan51,4.7
Sonagazi RS,Feni,BRRI dhan51,4.9
Sonagazi RS,Feni,BRRI Hyrid dhan6,6
Sonagazi RS,Noakhali,BRRI Hyrid dhan6,6.5
Sonagazi RS,Feni,BRRI Hyrid dhan6,5.8
Sonagazi RS,Feni,BRRI Hyrid dhan6,6.1
Sonagazi RS,Feni,BRRI Hyrid dhan6,5.9
Sonagazi RS,Feni,BRRI Hyrid dhan6,6.4
Sonagazi RS,Feni,BRRI Hyrid dhan6,6.1
Sonagazi RS,Feni,BRRI Hyrid dhan6,5.7
Sonagazi RS,Feni,BRRI Hyrid dhan6,6.2
Sonagazi RS,Feni,BRRI Hyrid dhan6,5.5
Sonagazi RS,Feni,BRRI Hyrid dhan6,5.6
Sonagazi RS,Chattogram,BRRI Hyrid dhan6,6.5
Sonagazi RS,Chattogram,BRRI Hyrid dhan6,6.6
Sonagazi RS,Lakshmipur,BRRI Hyrid dhan6,6.4
Sonagazi RS,Lakshmipur,BRRI Hyrid dhan6,6.3
Sonagazi RS,Noakhali,BRRI Hyrid dhan6,5.4
Sonagazi RS,Feni,BRRI Hyrid dhan6,6
Sonagazi RS,Feni,BRRI Hyrid dhan6,6.3
Sonagazi RS,Feni,BRRI Hyrid dhan6,6
Sonagazi RS,Noakhali,BRRI Hyrid dhan6,6.5
Cumilla RS,Cumilla,BRRI Hyrid dhan6,5.2
Cumilla RS,Cumilla,BRRI Hyrid dhan6,4.56
Cumilla RS,Cumilla,BRRI Hyrid dhan6,4.67
Cumilla RS,Cumilla,BRRI Hyrid dhan6,4.02
Cumilla RS,Cumilla,BRRI Hyrid dhan6,5.08
Cumilla RS,Cumilla,BRRI Hyrid dhan6,5.31
Cumilla RS,Cumilla,BRRI Hyrid dhan6,4.89
Cumilla RS,Cumilla,BRRI Hyrid dhan6,5.47
Cumilla RS,Cumilla,BRRI Hyrid dhan6,4.28
Cumilla RS,Cumilla,BRRI Hyrid dhan6,5.65
Cumilla RS,Cumilla,BRRI Hyrid dhan6,5.24
Cumilla RS,Cumilla,BRRI Hyrid dhan6,5.19
Cumilla RS,Cumilla,BRRI Hyrid dhan6,4.81
Cumilla RS,Cumilla,BRRI Hyrid dhan6,4.77
Cumilla RS,Chandpur,BRRI Hyrid dhan6,5.52
Cumilla RS,Brahmanbaria ,BRRI Hyrid dhan6,5.65
Cumilla RS,Brahmanbaria ,BRRI Hyrid dhan6,4.99
Cumilla RS,Brahmanbaria ,BRRI Hyrid dhan6,5.08
Cumilla RS,Cumilla,BRRI Hyrid dhan6,4.93
Gopalganj RS,Gopalganj,BRRI Hyrid dhan4,4.6
Gopalganj RS,Gopalganj,BRRI Hyrid dhan4,5
Gopalganj RS,Gopalganj,BRRI Hyrid dhan6,6
Gopalganj RS,Gopalganj,BRRI Hyrid dhan6,6.1
Gopalganj RS,Gopalganj,BRRI Hyrid dhan6,6.2
Gopalganj RS,Gopalganj,BRRI Hyrid dhan4,4.5
Gopalganj RS,Gopalganj,BRRI Hyrid dhan4,4.5
Gopalganj RS,Gopalganj,BRRI Hyrid dhan6,6.1
Gopalganj RS,Gopalganj,BRRI Hyrid dhan4,4.3
Gopalganj RS,Gopalganj,BRRI Hyrid dhan6,6.1
Gopalganj RS,Gopalganj,BRRI Hyrid dhan4,4.4
Gopalganj RS,Gopalganj,BRRI Hyrid dhan4,4.3
Gopalganj RS,Gopalganj,BRRI Hyrid dhan6,5.9
Gopalganj RS,Gopalganj,BRRI Hyrid dhan6,6
Gopalganj RS,Gopalganj,BRRI Hyrid dhan4,4.2
Gopalganj RS,Gopalganj,BRRI Hyrid dhan6,6.1
Gopalganj RS,Gopalganj,BRRI Hyrid dhan6,5.8
Gopalganj RS,Bagherhat,BRRI Hyrid dhan4,4.4
Gopalganj RS,Bagherhat,BRRI Hyrid dhan4,4.3
Gopalganj RS,Bagherhat,BRRI Hyrid dhan6,5.8
Rangpur RS,Rangpur,BRRI dhan103,5.4
Rangpur RS,Rangpur,BRRI dhan103,5.8
Rangpur RS,Rangpur,BRRI dhan103,5.3
Rangpur RS,Rangpur,BRRI dhan103,5.5
Rangpur RS,Rangpur,BRRI dhan103,5.1
Rangpur RS,Rangpur,BRRI dhan103,5.2
Rangpur RS,Rangpur,BRRI dhan103,5.7
Rangpur RS,Rangpur,BRRI dhan103,5.4
Rangpur RS,Rangpur,BRRI dhan103,5
Rangpur RS,Rangpur,BRRI dhan103,4.8
Rangpur RS,Rangpur,BRRI dhan103,5.3
Rangpur RS,Rangpur,BRRI dhan103,5.2
Rangpur RS,Rangpur,BRRI dhan103,5.4
Rangpur RS,Rangpur,BRRI dhan103,5.2
Rangpur RS,Rangpur,BRRI dhan103,5.7
Rangpur RS,Rangpur,BRRI dhan103,5.3
Rangpur RS,Rangpur,BRRI dhan103,5.8
Rangpur RS,Rangpur,BRRI dhan103,5.4
Rangpur RS,Rangpur,BRRI dhan103,5.2
Rangpur RS,Rangpur,BRRI dhan103,5.4
Rangpur RS,Rangpur,BRRI dhan103,5.6
Rangpur RS,Rangpur,BRRI dhan103,5.2
Rangpur RS,Rangpur,BRRI dhan103,5.3
Rangpur RS,Rangpur,BRRI dhan103,5.4
Rangpur RS,Rangpur,BRRI dhan103,5.2
Rangpur RS,Rangpur,BRRI dhan103,5.4
Rangpur RS,Rangpur,BRRI dhan103,5.6
Rangpur RS,Rangpur,BRRI dhan103,5.2
Rangpur RS,Rangpur,BRRI dhan103,5.4
Rangpur RS,Rangpur,BRRI dhan103,5.2
Rangpur RS,Rangpur,BRRI dhan103,5.3
Rangpur RS,Rangpur,BRRI dhan103,5.4
Rangpur RS,Rangpur,BRRI dhan103,5.2
Rangpur RS,Rangpur,BRRI dhan103,5.7
Rangpur RS,Rangpur,BRRI dhan103,5.6
Rangpur RS,Rangpur,BRRI dhan103,5.4
Rangpur RS,Rangpur,BRRI dhan103,5.2
Rangpur RS,Rangpur,BRRI dhan103,5.3
Rangpur RS,Rangpur,BRRI dhan103,5.1
Rangpur RS,Rangpur,BRRI dhan103,5.2
Rangpur RS,Rangpur,BRRI dhan103,5.8
Rangpur RS,Rangpur,BRRI dhan103,5.6
Rangpur RS,Rangpur,BRRI dhan103,5.2
Rangpur RS,Rangpur,BRRI dhan103,5.1
Rangpur RS,Rangpur,BRRI dhan103,5.2
Rangpur RS,Rangpur,BRRI dhan103,5.3
Rangpur RS,Rangpur,BRRI dhan103,5.4
Rangpur RS,Rangpur,BRRI dhan103,5.2
Rangpur RS,Rangpur,BRRI dhan103,5.2
Rangpur RS,Rangpur,BRRI dhan103,5.3
Rangpur RS,Rangpur,BRRI dhan103,5.4
Rangpur RS,Rangpur,BRRI dhan103,5
Rangpur RS,Rangpur,BRRI dhan103,5.6
Rangpur RS,Rangpur,BRRI dhan103,5.2
Rangpur RS,Rangpur,BRRI dhan103,5.3
Rangpur RS,Rangpur,BRRI dhan103,5.4
Rangpur RS,Rangpur,BRRI dhan103,5.2
Rangpur RS,Rangpur,BRRI dhan103,5.6
Rangpur RS,Rangpur,BRRI dhan103,5.1
Rangpur RS,Rangpur,BRRI dhan103,5.2
Rangpur RS,Rangpur,BRRI dhan103,5.3
Rangpur RS,Rangpur,BRRI dhan103,5.4
Rangpur RS,Rangpur,BRRI dhan103,5.8
Rangpur RS,Rangpur,BRRI dhan103,5.6
Rangpur RS,Rangpur,BRRI dhan103,5.5
Rangpur RS,Rangpur,BRRI dhan103,6
Rangpur RS,Rangpur,BRRI dhan103,5.1
Rangpur RS,Rangpur,BRRI dhan103,4.8
Rangpur RS,Rangpur,BRRI dhan103,5.2
Rangpur RS,Rangpur,BRRI dhan103,5.3
Rangpur RS,Rangpur,BRRI dhan103,5.5
Rangpur RS,Rangpur,BRRI dhan103,5.6
Rangpur RS,Rangpur,BRRI dhan103,5.2
Rangpur RS,Rangpur,BRRI dhan103,5.3
Rangpur RS,Rangpur,BRRI dhan103,5.2
Rangpur RS,Rangpur,BRRI dhan103,5.4
Rangpur RS,Rangpur,BRRI dhan103,5.6
Rangpur RS,Rangpur,BRRI dhan103,5.2
Rangpur RS,Rangpur,BRRI dhan103,5.3
Rangpur RS,Rangpur,BRRI dhan103,5.1
Rangpur RS,Rangpur,BRRI dhan103,5.2
Rangpur RS,Rangpur,BRRI dhan103,5.8
Rangpur RS,Rangpur,BRRI dhan103,5.6
Rangpur RS,Rangpur,BRRI dhan103,5.2
Rangpur RS,Rangpur,BRRI dhan103,5.1
Rangpur RS,Rangpur,BRRI dhan103,5.3
Rangpur RS,Rangpur,BRRI dhan103,5.4
Rangpur RS,Rangpur,BRRI dhan103,5.2
Rangpur RS,Rangpur,BRRI dhan103,5.3
Rangpur RS,Rangpur,BRRI dhan103,5.2
Rangpur RS,Rangpur,BRRI dhan103,5.1
Rangpur RS,Rangpur,BRRI dhan103,5.6
Rangpur RS,Rangpur,BRRI dhan103,5.5
Rangpur RS,Rangpur,BRRI dhan103,5.4
Rangpur RS,Rangpur,BRRI dhan103,5.2
Rangpur RS,Rangpur,BRRI dhan103,5.6
Rangpur RS,Rangpur,BRRI dhan103,5.2
Rangpur RS,Rangpur,BRRI dhan103,5.1
Rangpur RS,Rangpur,BRRI dhan103,5.2
Rangpur RS,Rangpur,BRRI dhan103,5.4
Rangpur RS,Lalmonirhat,BRRI dhan103,5.6
Rangpur RS,Lalmonirhat,BRRI dhan103,5.2
Rangpur RS,Lalmonirhat,BRRI dhan103,5.6
Rangpur RS,Lalmonirhat,BRRI dhan103,5.2
Rangpur RS,Lalmonirhat,BRRI dhan103,5.2
Rangpur RS,Lalmonirhat,BRRI dhan103,5.1
Rangpur RS,Lalmonirhat,BRRI dhan103,5.3
Rangpur RS,Lalmonirhat,BRRI dhan103,5.4
Rangpur RS,Lalmonirhat,BRRI dhan103,5.2
Rangpur RS,Lalmonirhat,BRRI dhan103,5.6
Rangpur RS,Lalmonirhat,BRRI dhan103,5.2
Rangpur RS,Lalmonirhat,BRRI dhan103,5.4
Rangpur RS,Lalmonirhat,BRRI dhan103,5.2
Rangpur RS,Lalmonirhat,BRRI dhan103,5.2
Rangpur RS,Lalmonirhat,BRRI dhan103,5.3
Rangpur RS,Lalmonirhat,BRRI dhan103,5.4
Rangpur RS,Lalmonirhat,BRRI dhan103,5.5
Rangpur RS,Lalmonirhat,BRRI dhan103,5.6
Rangpur RS,Lalmonirhat,BRRI dhan103,5.2
Rangpur RS,Lalmonirhat,BRRI dhan103,5.1
Rangpur RS,Lalmonirhat,BRRI dhan103,5.3
Rangpur RS,Lalmonirhat,BRRI dhan103,5.2
Rangpur RS,Lalmonirhat,BRRI dhan103,5.4
Rangpur RS,Lalmonirhat,BRRI dhan103,5.8
Rangpur RS,Lalmonirhat,BRRI dhan103,5.6
Rangpur RS,Lalmonirhat,BRRI dhan103,5.2
Rangpur RS,Lalmonirhat,BRRI dhan103,5.3
Rangpur RS,Lalmonirhat,BRRI dhan103,5.2
Rangpur RS,Lalmonirhat,BRRI dhan103,5.3
Rangpur RS,Lalmonirhat,BRRI dhan103,5.1
Rangpur RS,Lalmonirhat,BRRI dhan103,5.2
Rangpur RS,Lalmonirhat,BRRI dhan103,5.3
Rangpur RS,Lalmonirhat,BRRI dhan103,5.4
Rangpur RS,Lalmonirhat,BRRI dhan103,5.6
Rangpur RS,Lalmonirhat,BRRI dhan103,5.2
Rangpur RS,Lalmonirhat,BRRI dhan103,5.1
Rangpur RS,Lalmonirhat,BRRI dhan103,5.2
Rangpur RS,Lalmonirhat,BRRI dhan103,5.3
Rangpur RS,Lalmonirhat,BRRI dhan103,5.2
Rangpur RS,Lalmonirhat,BRRI dhan103,5.1
Rangpur RS,Lalmonirhat,BRRI dhan103,5.2
Rangpur RS,Lalmonirhat,BRRI dhan103,5.3
Rangpur RS,Lalmonirhat,BRRI dhan103,5.4
Rangpur RS,Lalmonirhat,BRRI dhan103,5.6
Rangpur RS,Lalmonirhat,BRRI dhan103,5.2
Rangpur RS,Lalmonirhat,BRRI dhan103,5.4
Rangpur RS,Lalmonirhat,BRRI dhan103,5.6
Rangpur RS,Lalmonirhat,BRRI dhan103,5.2
Rangpur RS,Lalmonirhat,BRRI dhan103,5.3
Rangpur RS,Lalmonirhat,BRRI dhan103,5.1
Rangpur RS,Kurigram,BRRI dhan103,5.2
Rangpur RS,Kurigram,BRRI dhan103,5.6
Rangpur RS,Kurigram,BRRI dhan103,5.2
Rangpur RS,Kurigram,BRRI dhan103,5.4
Rangpur RS,Kurigram,BRRI dhan103,5.3
Rangpur RS,Kurigram,BRRI dhan103,5.2
Rangpur RS,Kurigram,BRRI dhan103,5.6
Rangpur RS,Kurigram,BRRI dhan103,5.2
Rangpur RS,Kurigram,BRRI dhan103,5.6
Rangpur RS,Kurigram,BRRI dhan103,5.4
Rangpur RS,Kurigram,BRRI dhan103,5.2
Rangpur RS,Kurigram,BRRI dhan103,5.3
Rangpur RS,Kurigram,BRRI dhan103,5.6
Rangpur RS,Kurigram,BRRI dhan103,5.4
Rangpur RS,Kurigram,BRRI dhan103,5.2
Rangpur RS,Kurigram,BRRI dhan103,5.3
Rangpur RS,Kurigram,BRRI dhan103,5.1
Rangpur RS,Kurigram,BRRI dhan103,5.8
Rangpur RS,Kurigram,BRRI dhan103,5.6
Rangpur RS,Kurigram,BRRI dhan103,6.1
Rangpur RS,Kurigram,BRRI dhan103,6
Rangpur RS,Kurigram,BRRI dhan103,5.6
Rangpur RS,Kurigram,BRRI dhan103,5.2
Rangpur RS,Kurigram,BRRI dhan103,5.3
Rangpur RS,Kurigram,BRRI dhan103,5.1
Rangpur RS,Kurigram,BRRI dhan103,5.2
Rangpur RS,Kurigram,BRRI dhan103,5.3
Rangpur RS,Kurigram,BRRI dhan103,5.4
Rangpur RS,Kurigram,BRRI dhan103,5.8
Rangpur RS,Kurigram,BRRI dhan103,5.6
Rangpur RS,Kurigram,BRRI dhan103,5.2
Rangpur RS,Kurigram,BRRI dhan103,5.3
Rangpur RS,Kurigram,BRRI dhan103,5.7
Rangpur RS,Kurigram,BRRI dhan103,5.6
Rangpur RS,Kurigram,BRRI dhan103,5
Rangpur RS,Kurigram,BRRI dhan103,5.2
Rangpur RS,Kurigram,BRRI dhan103,5.1
Rangpur RS,Kurigram,BRRI dhan103,5.3
Rangpur RS,Kurigram,BRRI dhan103,5.4
Rangpur RS,Kurigram,BRRI dhan103,5.6
Rangpur RS,Kurigram,BRRI dhan103,5.2
Rangpur RS,Kurigram,BRRI dhan103,5.5
Rangpur RS,Kurigram,BRRI dhan103,5.6
Rangpur RS,Kurigram,BRRI dhan103,5.2
Rangpur RS,Kurigram,BRRI dhan103,5.2
Rangpur RS,Kurigram,BRRI dhan103,5
Rangpur RS,Kurigram,BRRI dhan103,5.6
Rangpur RS,Kurigram,BRRI dhan103,5.4
Rangpur RS,Kurigram,BRRI dhan103,5.2
Rangpur RS,Kurigram,BRRI dhan103,5.6
Rangpur RS,Kurigram,BRRI dhan103,5.8
Rangpur RS,Kurigram,BRRI dhan103,5.2
Rangpur RS,Kurigram,BRRI dhan103,5.6
Rangpur RS,Kurigram,BRRI dhan103,5.4
Rangpur RS,Kurigram,BRRI dhan103,5.2
Rangpur RS,Kurigram,BRRI dhan103,5
Rangpur RS,Kurigram,BRRI dhan103,5.2
Rangpur RS,Kurigram,BRRI dhan103,5.1
Rangpur RS,Kurigram,BRRI dhan103,5.6
Rangpur RS,Kurigram,BRRI dhan103,5.2
Rangpur RS,Kurigram,BRRI dhan103,5.2
Rangpur RS,Kurigram,BRRI dhan103,5.4
Rangpur RS,Kurigram,BRRI dhan103,5.6
Rangpur RS,Kurigram,BRRI dhan103,5.4
Rangpur RS,Gaibandha,BRRI dhan103,5.2
Rangpur RS,Gaibandha,BRRI dhan103,5.6
Rangpur RS,Gaibandha,BRRI dhan103,5.1
Rangpur RS,Gaibandha,BRRI dhan103,5.2
Rangpur RS,Gaibandha,BRRI dhan103,5.8
Rangpur RS,Gaibandha,BRRI dhan103,5.6
Rangpur RS,Gaibandha,BRRI dhan103,5.4
Rangpur RS,Gaibandha,BRRI dhan103,5.2
Rangpur RS,Gaibandha,BRRI dhan103,5.6
Rangpur RS,Gaibandha,BRRI dhan103,5.2
Rangpur RS,Gaibandha,BRRI dhan103,5.4
Rangpur RS,Gaibandha,BRRI dhan103,5.2
Rangpur RS,Gaibandha,BRRI dhan103,5
Rangpur RS,Gaibandha,BRRI dhan103,5.4
Rangpur RS,Gaibandha,BRRI dhan103,5.2
Rangpur RS,Gaibandha,BRRI dhan103,5.6
Rangpur RS,Gaibandha,BRRI dhan103,5.2
Rangpur RS,Gaibandha,BRRI dhan103,5.4
Rangpur RS,Gaibandha,BRRI dhan103,5.6
Rangpur RS,Gaibandha,BRRI dhan103,5.2
Rangpur RS,Gaibandha,BRRI dhan103,5.8
Rangpur RS,Gaibandha,BRRI dhan103,5.2
Rangpur RS,Gaibandha,BRRI dhan103,5.3
Rangpur RS,Gaibandha,BRRI dhan103,5.4
Rangpur RS,Gaibandha,BRRI dhan103,5.6
Rangpur RS,Gaibandha,BRRI dhan103,5.8
Rangpur RS,Gaibandha,BRRI dhan103,5.6
Rangpur RS,Gaibandha,BRRI dhan103,5.4
Rangpur RS,Gaibandha,BRRI dhan103,5.2
Rangpur RS,Gaibandha,BRRI dhan103,5
Rangpur RS,Gaibandha,BRRI dhan103,5.7
Rangpur RS,Gaibandha,BRRI dhan103,5.6
Rangpur RS,Gaibandha,BRRI dhan103,5.4
Rangpur RS,Gaibandha,BRRI dhan103,5.2
Rangpur RS,Gaibandha,BRRI dhan103,5.6
Rangpur RS,Gaibandha,BRRI dhan103,5.2
Rangpur RS,Gaibandha,BRRI dhan103,5.4
Rangpur RS,Gaibandha,BRRI dhan103,5.1
Rangpur RS,Gaibandha,BRRI dhan103,5.5
Rangpur RS,Gaibandha,BRRI dhan103,5.6
Rangpur RS,Gaibandha,BRRI dhan103,5.4
Rangpur RS,Gaibandha,BRRI dhan103,5.2
Rangpur RS,Gaibandha,BRRI dhan103,5.6
Rangpur RS,Gaibandha,BRRI dhan103,5.4
Rangpur RS,Gaibandha,BRRI dhan103,5.6
Rangpur RS,Gaibandha,BRRI dhan103,5.2
Rangpur RS,Gaibandha,BRRI dhan103,5.4
Rangpur RS,Gaibandha,BRRI dhan103,5.8
Rangpur RS,Gaibandha,BRRI dhan103,5.6
Rangpur RS,Gaibandha,BRRI dhan103,5.4
Rangpur RS,Gaibandha,BRRI dhan103,5.6
Rangpur RS,Gaibandha,BRRI dhan103,5.2
Rangpur RS,Gaibandha,BRRI dhan103,5.3
Rangpur RS,Gaibandha,BRRI dhan103,5.4
Rangpur RS,Gaibandha,BRRI dhan103,5.6
Rangpur RS,Gaibandha,BRRI dhan103,5.7
Rangpur RS,Gaibandha,BRRI dhan103,5.9
Rangpur RS,Gaibandha,BRRI dhan103,5.6
Rangpur RS,Gaibandha,BRRI dhan103,5.2
Rangpur RS,Gaibandha,BRRI dhan103,5.1
Rangpur RS,Gaibandha,BRRI dhan103,5.6
Rangpur RS,Gaibandha,BRRI dhan103,5.4
Rangpur RS,Gaibandha,BRRI dhan103,5.2
Rangpur RS,Gaibandha,BRRI dhan103,5.3
Rangpur RS,Gaibandha,BRRI dhan103,5.4
Rangpur RS,Gaibandha,BRRI dhan103,5.7
Rangpur RS,Gaibandha,BRRI dhan103,5.6
Rangpur RS,Gaibandha,BRRI dhan103,5.4
Rangpur RS,Gaibandha,BRRI dhan103,5.8
Rangpur RS,Gaibandha,BRRI dhan103,5.6
Rangpur RS,Gaibandha,BRRI dhan103,5.2
Rangpur RS,Gaibandha,BRRI dhan103,5.6
Rangpur RS,Gaibandha,BRRI dhan103,4.7
Rangpur RS,Gaibandha,BRRI dhan103,4.9
Rangpur RS,Gaibandha,BRRI dhan103,5.1
Rangpur RS,Gaibandha,BRRI dhan103,5.2
Rangpur RS,Gaibandha,BRRI dhan103,5
Rangpur RS,Gaibandha,BRRI dhan103,5.4
Rangpur RS,Gaibandha,BRRI dhan103,5.6
Rangpur RS,Gaibandha,BRRI dhan103,5.7
Rangpur RS,Gaibandha,BRRI dhan103,5.4
Rangpur RS,Gaibandha,BRRI dhan103,5.2
Rangpur RS,Gaibandha,BRRI dhan103,5.6
Rangpur RS,Gaibandha,BRRI dhan103,5.4
Rangpur RS,Gaibandha,BRRI dhan103,5.2
Rangpur RS,Gaibandha,BRRI dhan103,5.8
Rangpur RS,Kurigram,BRRI dhan103,5.8
Rangpur RS,Kurigram,BRRI dhan103,5.4
Rangpur RS,Kurigram,BRRI dhan103,5.6
Rangpur RS,Kurigram,BRRI dhan103,5.4
Rangpur RS,Kurigram,BRRI dhan103,5.9
Rangpur RS,Kurigram,BRRI dhan103,5.7
Rangpur RS,Kurigram,BRRI dhan103,5.8
Rangpur RS,Kurigram,BRRI dhan103,5.6
Rangpur RS,Kurigram,BRRI dhan103,5.2
Rangpur RS,Kurigram,BRRI dhan103,5.4
Rangpur RS,Gaibandha,BRRI dhan103,5.8
Rangpur RS,Gaibandha,BRRI dhan103,5.9
Rangpur RS,Gaibandha,BRRI dhan103,6.2
Rangpur RS,Gaibandha,BRRI dhan103,6.7
Rangpur RS,Gaibandha,BRRI dhan103,6.1
Sonagazi RS,Feni,BRRI dhan51,4.4
Sonagazi RS,Feni,BRRI dhan51,4.5
Sonagazi RS,Feni,BRRI dhan51,4.3
Sonagazi RS,Feni,BRRI dhan51,4.1
Sonagazi RS,Feni,BRRI dhan51,4
Sonagazi RS,Feni,BRRI dhan52,5
Sonagazi RS,Feni,BRRI dhan52,4.8
Sonagazi RS,Feni,BRRI dhan52,4.9
Sonagazi RS,Feni,BRRI dhan52,4.7
Sonagazi RS,Feni,BRRI dhan52,4.5
Sonagazi RS,Feni,BRRI dhan52,4.6
Sonagazi RS,Feni,BRRI dhan52,4.4
Sonagazi RS,Feni,BRRI dhan52,5
Sonagazi RS,Feni,BRRI dhan52,5.1
Sonagazi RS,Feni,BRRI dhan52,5.2
Sonagazi RS,Feni,BRRI dhan94,6
Sonagazi RS,Feni,BRRI dhan94,5.8
Sonagazi RS,Feni,BRRI dhan94,5.9
Sonagazi RS,Feni,BRRI dhan94,6.1
Sonagazi RS,Feni,BRRI dhan94,6.5
Sonagazi RS,Feni,BRRI dhan94,6.3
Sonagazi RS,Feni,BRRI dhan94,5.9
Sonagazi RS,Feni,BRRI dhan94,6.1
Sonagazi RS,Feni,BRRI dhan94,5.7
Sonagazi RS,Feni,BRRI dhan94,6.2
Sonagazi RS,Feni,BRRI dhan94,5.6
Sonagazi RS,Feni,BRRI dhan94,6.1
Sonagazi RS,Feni,BRRI dhan94,6.4
Sonagazi RS,Feni,BRRI dhan94,6.2
Sonagazi RS,Feni,BRRI dhan94,6.4
Sonagazi RS,Feni,BRRI dhan94,6.5
Sonagazi RS,Feni,BRRI dhan94,6.5
Sonagazi RS,Feni,BRRI dhan94,6.3
Sonagazi RS,Feni,BRRI dhan94,5.9
Sonagazi RS,Feni,BRRI dhan94,5.8
Sonagazi RS,Feni,BRRI dhan94,5.7
Sonagazi RS,Feni,BRRI dhan94,5.6
Sonagazi RS,Feni,BRRI dhan94,5.5
Sonagazi RS,Feni,BRRI dhan94,6
Sonagazi RS,Feni,BRRI dhan94,6.3
Sonagazi RS,Feni,BRRI dhan94,6.1
Sonagazi RS,Feni,BRRI dhan94,6.2
Sonagazi RS,Feni,BRRI dhan94,6
Sonagazi RS,Feni,BRRI dhan94,6.5
Sonagazi RS,Feni,BRRI dhan94,6.4
Sonagazi RS,Chattogram,BRRI dhan103,6.5
Sonagazi RS,Chattogram,BRRI dhan103,6.2
Sonagazi RS,Chattogram,BRRI dhan103,6.8
Sonagazi RS,Chattogram,BRRI dhan103,6.7
Sonagazi RS,Chattogram,BRRI dhan103,6
Sonagazi RS,Feni,BRRI dhan93,6
Sonagazi RS,Noakhali,BRRI dhan93,6.5
Sonagazi RS,Noakhali,BRRI dhan93,5.8
Sonagazi RS,Noakhali,BRRI dhan93,5.9
Sonagazi RS,Noakhali,BRRI dhan93,6.1
Sonagazi RS,Noakhali,BRRI dhan110,5.7
Sonagazi RS,Feni,BRRI dhan103,6.2
Sonagazi RS,Noakhali,BRRI dhan103,6.5
Sonagazi RS,Noakhali,BRRI dhan103,6.7
Sonagazi RS,Lakshmipur,BRRI dhan109,5.5
Sonagazi RS,Lakshmipur,BRRI dhan109,5.7
Sonagazi RS,Lakshmipur,BRRI dhan109,5.9
Sonagazi RS,Lakshmipur,BRRI dhan109,6
Sonagazi RS,Feni,BRRI dhan78,4.3
Sonagazi RS,Feni,BRRI dhan78,4.4
Sonagazi RS,Feni,BRRI dhan103,6.2
Sonagazi RS,Feni,BRRI dhan103,6.5
Sonagazi RS,Feni,BRRI dhan103,6.3
Sonagazi RS,Feni,BRRI dhan78,4.5
Sonagazi RS,Feni,BRRI dhan78,4.2
Sonagazi RS,Feni,BRRI dhan110,6
Sonagazi RS,Feni,BRRI dhan110,5.9
Sonagazi RS,Feni,BRRI dhan110,5.8
Sonagazi RS,Feni,BRRI dhan71,5
Sonagazi RS,Feni,BRRI dhan71,5.5
Sonagazi RS,Feni,BRRI dhan71,5.3
Sonagazi RS,Feni,BRRI dhan71,4.9
Sonagazi RS,Feni,BRRI dhan71,4.8
Sonagazi RS,Feni,BRRI dhan71,4.5
Sonagazi RS,Feni,BRRI dhan109,5.5
Sonagazi RS,Feni,BRRI dhan103,6.4
Sonagazi RS,Feni,BRRI dhan103,6.8
Sonagazi RS,Feni,BRRI dhan103,6.9
Sonagazi RS,Feni,BRRI dhan109,5.8
Sonagazi RS,Feni,BRRI dhan103,6.6
Sonagazi RS,Feni,BRRI dhan109,6.3
Sonagazi RS,Feni,BRRI dhan109,6
Sonagazi RS,Feni,BRRI dhan109,5.9
Sonagazi RS,Feni,BRRI dhan109,6.1
Sonagazi RS,Feni,BRRI dhan110,6.2
Bhanga RS,Rajbari ,BRRI dhan103,6.509488372
Bhanga RS,Rajbari ,BRRI dhan103,6.435586563
Bhanga RS,Rajbari ,BRRI dhan103,6.313647287
Bhanga RS,Rajbari ,BRRI dhan103,6.145932817
Bhanga RS,Rajbari ,BRRI dhan103,6.279925581
Bhanga RS,Rajbari ,BRRI dhan103,6.244651163
Bhanga RS,Rajbari ,BRRI dhan103,6.317581395
Bhanga RS,Rajbari ,BRRI dhan103,6.285273256
Bhanga RS,Rajbari ,BRRI dhan103,6.232894057
Bhanga RS,Rajbari ,BRRI dhan103,6.196621964
Bhanga RS,Rajbari ,BRRI dhan103,6.32248062
Bhanga RS,Rajbari ,BRRI dhan103,6.185406977
Bhanga RS,Rajbari ,BRRI dhan103,5.960981912
Bhanga RS,Rajbari ,BRRI dhan103,5.977940568
Bhanga RS,Rajbari ,BRRI dhan103,6.344186047
Bhanga RS,Rajbari ,BRRI dhan103,6.258139535
Bhanga RS,Rajbari ,BRRI dhan103,6.218744186
Bhanga RS,Rajbari ,BRRI dhan103,6.178775194
Bhanga RS,Rajbari ,BRRI dhan103,6.268775194
Bhanga RS,Rajbari ,BRRI dhan103,6.480197674
Bhanga RS,Faridpur,BRRI dhan75,7.062213178
Bhanga RS,Faridpur,BRRI dhan103,7.254909561
Bhanga RS,Faridpur,BRRI dhan103,7.125
Bhanga RS,Faridpur,BRRI dhan103,7.306046512
Bhanga RS,Faridpur,BRRI dhan103,7.569302326
Bhanga RS,Faridpur,BRRI dhan75,6.454160207
Bhanga RS,Faridpur,BRRI dhan75,5.943087855
Bhanga RS,Faridpur,BRRI dhan75,5.925581395
Bhanga RS,Faridpur,BRRI dhan75,5.854263566
Bhanga RS,Faridpur,BRRI dhan75,5.870155039
Bhanga RS,Rajbari ,BRRI dhan103,6.55250646
Bhanga RS,Rajbari ,BRRI dhan103,6.676104651
Bhanga RS,Rajbari ,BRRI dhan103,6.489922481
Bhanga RS,Rajbari ,BRRI dhan103,6.518100775
Bhanga RS,Rajbari ,BRRI dhan103,6.481605943
Bhanga RS,Rajbari ,BRRI dhan87,6.330142119
Bhanga RS,Rajbari ,BRRI dhan87,6.247906977
Bhanga RS,Rajbari ,BRRI dhan87,6.341866925
Bhanga RS,Rajbari ,BRRI dhan87,6.333488372
Bhanga RS,Rajbari ,BRRI dhan87,6.153777519
Bhanga RS,Madaripur,BRRI dhan103,6.063160207
Bhanga RS,Madaripur,BRRI dhan103,6.028728682
Bhanga RS,Madaripur,BRRI dhan103,6.294922481
Bhanga RS,Madaripur,BRRI dhan103,6.348547804
Bhanga RS,Madaripur,BRRI dhan103,6.171596899
Bhanga RS,Madaripur,BRRI dhan103,6.320116279
Bhanga RS,Madaripur,BRRI dhan103,6.170426357
Bhanga RS,Madaripur,BRRI dhan103,6.104
Bhanga RS,Madaripur,BRRI dhan103,6.168003876
Bhanga RS,Madaripur,BRRI dhan103,6.18225323
Bhanga RS,Faridpur,BRRI dhan103,6.63820155
Bhanga RS,Faridpur,BRRI dhan103,6.108255814
Bhanga RS,Faridpur,BRRI dhan103,6.046071059
Bhanga RS,Faridpur,BRRI dhan103,6.27377261
Bhanga RS,Faridpur,BRRI dhan103,6.492174419
Bhanga RS,Faridpur,BRRI dhan103,6.327229974
Bhanga RS,Faridpur,BRRI dhan103,6.281136951
Bhanga RS,Faridpur,BRRI dhan103,6.248806202
Bhanga RS,Faridpur,BRRI dhan103,6.504112403
Bhanga RS,Faridpur,BRRI dhan103,6.355922481
Rangpur RS,Rangpur,BRRI dhan103,5.76
Rangpur RS,Rangpur,BRRI dhan103,5.68
Rangpur RS,Rangpur,BRRI dhan103,5.24
Rangpur RS,Rangpur,BRRI dhan103,5.88
Rangpur RS,Rangpur,BRRI dhan103,5.87
Rangpur RS,Rangpur,BRRI dhan103,6.42
Rangpur RS,Rangpur,BRRI dhan103,5.98
Rangpur RS,Rangpur,BRRI dhan103,5.64
Rangpur RS,Rangpur,BRRI dhan103,6
Rangpur RS,Rangpur,BRRI dhan103,6.28
Rangpur RS,Rangpur,BRRI dhan103,5.8
Rangpur RS,Rangpur,BRRI dhan103,5.88
Rangpur RS,Rangpur,BRRI dhan103,5.76
Rangpur RS,Rangpur,BRRI dhan103,5.93
Rangpur RS,Rangpur,BRRI dhan103,4.94
Rangpur RS,Rangpur,BRRI dhan103,5.58
Rangpur RS,Rangpur,BRRI dhan103,5.09
Rangpur RS,Rangpur,BRRI dhan103,6.5
Rangpur RS,Rangpur,BRRI dhan103,5.66
Rangpur RS,Rangpur,BRRI dhan103,5.51
Rangpur RS,Rangpur,BRRI dhan103,5.93
Rangpur RS,Rangpur,BRRI dhan103,5.73
Rangpur RS,Rangpur,BRRI dhan103,5.56
Rangpur RS,Rangpur,BRRI dhan103,5.14
Rangpur RS,Rangpur,BRRI dhan103,5.09
Rangpur RS,Rangpur,BRRI dhan103,5.38
Rangpur RS,Rangpur,BRRI dhan103,5.41
Rangpur RS,Kurigram,BRRI dhan103,5.49
Rangpur RS,Kurigram,BRRI dhan103,5.2
Rangpur RS,Kurigram,BRRI dhan103,4.94
Rangpur RS,Kurigram,BRRI dhan103,5.14
Rangpur RS,Kurigram,BRRI dhan103,5.93
Rangpur RS,Kurigram,BRRI dhan103,5.51
Rangpur RS,Kurigram,BRRI dhan103,5.1
Rangpur RS,Kurigram,BRRI dhan103,5.15
Rangpur RS,Kurigram,BRRI dhan103,5.68
Rangpur RS,Kurigram,BRRI dhan103,5.6
Rangpur RS,Kurigram,BRRI dhan103,5.2
Rangpur RS,Kurigram,BRRI dhan103,5.6
Rangpur RS,Kurigram,BRRI dhan103,5.7
Rangpur RS,Kurigram,BRRI dhan103,5.15
Rangpur RS,Kurigram,BRRI dhan103,5
Rangpur RS,Kurigram,BRRI dhan103,5.99
Rangpur RS,Kurigram,BRRI dhan103,4.5
Rangpur RS,Kurigram,BRRI dhan103,4.89
Rangpur RS,Kurigram,BRRI dhan103,5.56
Rangpur RS,Kurigram,BRRI dhan103,5.68
Rangpur RS,Kurigram,BRRI dhan103,4.97
Rangpur RS,Kurigram,BRRI dhan103,5.26
Rangpur RS,Kurigram,BRRI dhan103,5.46
Rangpur RS,Kurigram,BRRI dhan103,5.53
Rangpur RS,Kurigram,BRRI dhan103,6.29
Rangpur RS,Kurigram,BRRI dhan103,5.63
Rangpur RS,Kurigram,BRRI dhan103,5.73
Rangpur RS,Kurigram,BRRI dhan103,5.04
Rangpur RS,Kurigram,BRRI dhan103,5.39
Rangpur RS,Lalmonirhat,BRRI dhan103,5.11
Rangpur RS,Lalmonirhat,BRRI dhan103,5.2
Rangpur RS,Lalmonirhat,BRRI dhan103,5.5
Rangpur RS,Lalmonirhat,BRRI dhan103,4.85
Rangpur RS,Lalmonirhat,BRRI dhan103,5.15
Rangpur RS,Lalmonirhat,BRRI dhan103,5.5
Rangpur RS,Lalmonirhat,BRRI dhan103,4.9
Rangpur RS,Lalmonirhat,BRRI dhan103,5.14
Rangpur RS,Lalmonirhat,BRRI dhan103,5.43
Rangpur RS,Lalmonirhat,BRRI dhan103,5.5
Rangpur RS,Lalmonirhat,BRRI dhan103,5.1
Rangpur RS,Lalmonirhat,BRRI dhan103,5.1
Rangpur RS,Lalmonirhat,BRRI dhan103,5.3
Rangpur RS,Lalmonirhat,BRRI dhan103,5.1
Rangpur RS,Lalmonirhat,BRRI dhan103,5.1
Rangpur RS,Lalmonirhat,BRRI dhan103,5.15
Rangpur RS,Lalmonirhat,BRRI dhan103,5
Rangpur RS,Lalmonirhat,BRRI dhan103,5.5
Rangpur RS,Lalmonirhat,BRRI dhan103,5.5
Rangpur RS,Lalmonirhat,BRRI dhan103,5.25
Rangpur RS,Lalmonirhat,BRRI dhan103,5.5
Rangpur RS,Lalmonirhat,BRRI dhan103,4.8
Rangpur RS,Lalmonirhat,BRRI dhan103,6.5
Rangpur RS,Lalmonirhat,BRRI dhan103,5.8
Rangpur RS,Lalmonirhat,BRRI dhan103,5.6
Rangpur RS,Lalmonirhat,BRRI dhan103,5.09
Rangpur RS,Lalmonirhat,BRRI dhan103,5
Rangpur RS,Lalmonirhat,BRRI dhan103,6.8
Rangpur RS,Lalmonirhat,BRRI dhan103,5.93
Rangpur RS,Lalmonirhat,BRRI dhan103,5.1
Rangpur RS,Nilphamari,BRRI dhan103,5.05
Rangpur RS,Nilphamari,BRRI dhan103,5
Rangpur RS,Nilphamari,BRRI dhan103,5.24
Rangpur RS,Nilphamari,BRRI dhan103,5.11
Rangpur RS,Nilphamari,BRRI dhan103,5.2
Rangpur RS,Nilphamari,BRRI dhan103,5.2
Rangpur RS,Nilphamari,BRRI dhan103,5.5
Rangpur RS,Nilphamari,BRRI dhan103,5.1
Rangpur RS,Nilphamari,BRRI dhan103,5.3
Rangpur RS,Nilphamari,BRRI dhan103,5.53
Rangpur RS,Nilphamari,BRRI dhan103,5.1
Rangpur RS,Nilphamari,BRRI dhan103,5.5
Rangpur RS,Nilphamari,BRRI dhan103,5.2
Rangpur RS,Nilphamari,BRRI dhan103,5.6
Rangpur RS,Nilphamari,BRRI dhan103,5.8
Rangpur RS,Nilphamari,BRRI dhan103,5.3
Rangpur RS,Nilphamari,BRRI dhan103,5.5
Rangpur RS,Nilphamari,BRRI dhan103,5.2
Rangpur RS,Nilphamari,BRRI dhan103,5.3
Rangpur RS,Nilphamari,BRRI dhan103,5.1
Rangpur RS,Nilphamari,BRRI dhan103,5.3
Rangpur RS,Nilphamari,BRRI dhan103,5.68
Rangpur RS,Nilphamari,BRRI dhan103,5.05
Rangpur RS,Nilphamari,BRRI dhan103,5.38
Rangpur RS,Nilphamari,BRRI dhan103,5.46
Rangpur RS,Nilphamari,BRRI dhan103,5.73
Rangpur RS,Nilphamari,BRRI dhan103,5.53
Rangpur RS,Dinajpur,BRRI dhan103,5.78
Rangpur RS,Dinajpur,BRRI dhan103,5.93
Rangpur RS,Dinajpur,BRRI dhan103,5.8
Rangpur RS,Dinajpur,BRRI dhan103,8.9
Rangpur RS,Dinajpur,BRRI dhan103,5.6
Rangpur RS,Dinajpur,BRRI dhan103,6.27
Rangpur RS,Dinajpur,BRRI dhan103,5.8
Rangpur RS,Dinajpur,BRRI dhan103,6
Rangpur RS,Dinajpur,BRRI dhan103,5.5
Rangpur RS,Dinajpur,BRRI dhan103,6.2
Rangpur RS,Dinajpur,BRRI dhan103,6.3
Rangpur RS,Dinajpur,BRRI dhan103,6.4
Rangpur RS,Dinajpur,BRRI dhan103,6.5
Rangpur RS,Dinajpur,BRRI dhan103,6.2
Rangpur RS,Dinajpur,BRRI dhan103,6.4
Rangpur RS,Dinajpur,BRRI dhan103,6.1
Rangpur RS,Dinajpur,BRRI dhan103,6.2
Rangpur RS,Dinajpur,BRRI dhan103,5.53
Rangpur RS,Dinajpur,BRRI dhan103,5.2
Rangpur RS,Dinajpur,BRRI dhan103,5.78
Rangpur RS,Dinajpur,BRRI dhan103,6.08
Rangpur RS,Dinajpur,BRRI dhan103,6.22
Rangpur RS,Dinajpur,BRRI dhan103,6.07
Rangpur RS,Dinajpur,BRRI dhan103,6.13
Rangpur RS,Dinajpur,BRRI dhan103,6.27
Rangpur RS,Dinajpur,BRRI dhan103,5.56
Rangpur RS,Dinajpur,BRRI dhan103,5.9
Rangpur RS,Thakurgaon,BRRI dhan103,6.25
Rangpur RS,Thakurgaon,BRRI dhan103,6.2
Rangpur RS,Thakurgaon,BRRI dhan103,6.2
Rangpur RS,Thakurgaon,BRRI dhan103,6
Rangpur RS,Thakurgaon,BRRI dhan103,6.1
Rangpur RS,Thakurgaon,BRRI dhan103,5.63
Rangpur RS,Thakurgaon,BRRI dhan103,6.3
Rangpur RS,Thakurgaon,BRRI dhan103,6.2
Rangpur RS,Thakurgaon,BRRI dhan103,5.8
Rangpur RS,Thakurgaon,BRRI dhan103,5.6
Rangpur RS,Thakurgaon,BRRI dhan103,5.8
Rangpur RS,Thakurgaon,BRRI dhan103,6
Rangpur RS,Thakurgaon,BRRI dhan103,5.85
Rangpur RS,Thakurgaon,BRRI dhan103,5.55
Rangpur RS,Thakurgaon,BRRI dhan103,6.25
Rangpur RS,Thakurgaon,BRRI dhan103,6.32
Rangpur RS,Thakurgaon,BRRI dhan103,6.18
Rangpur RS,Thakurgaon,BRRI dhan103,5.46
Rangpur RS,Thakurgaon,BRRI dhan103,5.75
Rangpur RS,Thakurgaon,BRRI dhan103,6.27
Rangpur RS,Thakurgaon,BRRI dhan103,5.73
Rangpur RS,Thakurgaon,BRRI dhan103,5.68
Rangpur RS,Thakurgaon,BRRI dhan103,6.08
Rangpur RS,Thakurgaon,BRRI dhan103,6.22
Rangpur RS,Thakurgaon,BRRI dhan103,6.1
Rangpur RS,Thakurgaon,BRRI dhan103,5.2
Rangpur RS,Thakurgaon,BRRI dhan103,5.45
Rangpur RS,Thakurgaon,BRRI dhan103,5.8
Rangpur RS,Thakurgaon,BRRI dhan103,6.2
Rangpur RS,Thakurgaon,BRRI dhan103,5.6
Rangpur RS,Panchgaor,BRRI dhan103,5.8
Rangpur RS,Panchgaor,BRRI dhan103,6
Rangpur RS,Panchgaor,BRRI dhan103,5.8
Rangpur RS,Panchgaor,BRRI dhan103,5.65
Rangpur RS,Panchgaor,BRRI dhan103,6.13
Rangpur RS,Panchgaor,BRRI dhan103,5.66
Rangpur RS,Panchgaor,BRRI dhan103,5.8
Rangpur RS,Panchgaor,BRRI dhan103,6.2
Rangpur RS,Panchgaor,BRRI dhan103,6.5
Rangpur RS,Panchgaor,BRRI dhan103,6.3
Rangpur RS,Panchgaor,BRRI dhan103,6
Rangpur RS,Panchgaor,BRRI dhan103,6.4
Rangpur RS,Panchgaor,BRRI dhan103,5.5
Rangpur RS,Panchgaor,BRRI dhan103,5.8
Rangpur RS,Panchgaor,BRRI dhan103,5.9
Rangpur RS,Panchgaor,BRRI dhan103,5.46
Rangpur RS,Panchgaor,BRRI dhan103,6.1
Rangpur RS,Panchgaor,BRRI dhan103,6.08
Rangpur RS,Panchgaor,BRRI dhan103,6.25
Rangpur RS,Panchgaor,BRRI dhan103,6.05
Rangpur RS,Panchgaor,BRRI dhan103,5.58
Rangpur RS,Panchgaor,BRRI dhan103,6.42
Rangpur RS,Panchgaor,BRRI dhan103,6.55
Rangpur RS,Panchgaor,BRRI dhan103,5.54
Rangpur RS,Panchgaor,BRRI dhan103,6.05
Rangpur RS,Panchgaor,BRRI dhan103,6.1
Rangpur RS,Panchgaor,BRRI dhan103,6.25
Rangpur RS,Panchgaor,BRRI dhan103,6.1
Rangpur RS,Panchgaor,BRRI dhan103,6.5
Rangpur RS,Panchgaor,BRRI dhan103,5
Rangpur RS,Gaibandha,BRRI dhan103,6
Rangpur RS,Gaibandha,BRRI dhan103,5.8
Rangpur RS,Gaibandha,BRRI dhan103,6.3
Rangpur RS,Gaibandha,BRRI dhan103,6.5
Rangpur RS,Gaibandha,BRRI dhan103,5.5
Rangpur RS,Gaibandha,BRRI dhan103,5.8
Rangpur RS,Gaibandha,BRRI dhan103,5.9
Rangpur RS,Gaibandha,BRRI dhan103,5.8
Rangpur RS,Gaibandha,BRRI dhan103,6.27
Rangpur RS,Gaibandha,BRRI dhan103,5.53
Rangpur RS,Gaibandha,BRRI dhan103,5.73
Rangpur RS,Gaibandha,BRRI dhan103,5.88
Rangpur RS,Gaibandha,BRRI dhan103,5.66
Rangpur RS,Gaibandha,BRRI dhan103,5.53
Rangpur RS,Gaibandha,BRRI dhan103,5.8
Rangpur RS,Gaibandha,BRRI dhan103,6.18
Rangpur RS,Gaibandha,BRRI dhan103,5.93
Rangpur RS,Gaibandha,BRRI dhan103,5.8
Rangpur RS,Gaibandha,BRRI dhan103,5.58
Rangpur RS,Gaibandha,BRRI dhan103,6.08
Rangpur RS,Gaibandha,BRRI dhan103,5.8
Rangpur RS,Gaibandha,BRRI dhan103,6.18
Rangpur RS,Gaibandha,BRRI dhan103,6.05
Rangpur RS,Gaibandha,BRRI dhan103,6.42
Rangpur RS,Gaibandha,BRRI dhan103,6.27
Rangpur RS,Gaibandha,BRRI dhan103,5.56
Rangpur RS,Gaibandha,BRRI dhan103,5.58
Rangpur RS,Thakurgaon,BRRI dhan103,5.8
Rangpur RS,Thakurgaon,BRRI dhan103,5.4
Rangpur RS,Thakurgaon,BRRI dhan103,6.2
Rangpur RS,Thakurgaon,BRRI dhan103,5.4
Rangpur RS,Thakurgaon,BRRI dhan103,5
Rangpur RS,Thakurgaon,BRRI dhan103,5.4
Rangpur RS,Thakurgaon,BRRI dhan103,5.2
Rangpur RS,Thakurgaon,BRRI dhan103,5.6
Rangpur RS,Thakurgaon,BRRI dhan103,5.5
Rangpur RS,Thakurgaon,BRRI dhan103,5.4
Rangpur RS,Dinajpur,BRRI dhan103,5.1
Rangpur RS,Dinajpur,BRRI dhan103,4.2
Rangpur RS,Dinajpur,BRRI dhan103,4.7
Rangpur RS,Dinajpur,BRRI dhan103,5.8
Rangpur RS,Dinajpur,BRRI dhan103,5.2
Rangpur RS,Dinajpur,BRRI dhan103,5
Rangpur RS,Dinajpur,BRRI dhan103,5.4
Rangpur RS,Dinajpur,BRRI dhan103,5.2
Rangpur RS,Dinajpur,BRRI dhan103,5.4
Rangpur RS,Dinajpur,BRRI dhan103,5.6
Rangpur RS,Dinajpur,BRRI dhan103,5.1
Rangpur RS,Dinajpur,BRRI dhan103,5.8
Rangpur RS,Dinajpur,BRRI dhan103,5.4
Rangpur RS,Dinajpur,BRRI dhan103,5.6
Rangpur RS,Dinajpur,BRRI dhan103,5.7
Rangpur RS,Dinajpur,BRRI dhan103,5.2
Rangpur RS,Dinajpur,BRRI dhan103,5
Rangpur RS,Dinajpur,BRRI dhan103,5.1
Rangpur RS,Dinajpur,BRRI dhan103,5.2
Rangpur RS,Dinajpur,BRRI dhan103,5
Rangpur RS,Dinajpur,BRRI dhan103,5.4
Rangpur RS,Dinajpur,BRRI dhan103,5.6
Rangpur RS,Dinajpur,BRRI dhan103,5.1
Rangpur RS,Dinajpur,BRRI dhan103,5.4
Rangpur RS,Dinajpur,BRRI dhan103,5.2
Rangpur RS,Dinajpur,BRRI dhan103,5.6
Rangpur RS,Dinajpur,BRRI dhan103,5.4
Rangpur RS,Dinajpur,BRRI dhan103,5.2
Rangpur RS,Dinajpur,BRRI dhan103,5.1
Rangpur RS,Dinajpur,BRRI dhan103,5.8
Rangpur RS,Dinajpur,BRRI dhan103,5.6
Rangpur RS,Dinajpur,BRRI dhan103,5.4
Rangpur RS,Dinajpur,BRRI dhan103,5.9
Rangpur RS,Dinajpur,BRRI dhan103,5.2
Rangpur RS,Dinajpur,BRRI dhan103,5.9
Rangpur RS,Dinajpur,BRRI dhan103,5.1
Rangpur RS,Dinajpur,BRRI dhan103,5.6
Rangpur RS,Dinajpur,BRRI dhan103,5.4
Rangpur RS,Dinajpur,BRRI dhan103,4.8
Rangpur RS,Dinajpur,BRRI dhan103,4.2
Rangpur RS,Dinajpur,BRRI dhan103,5.1
Rangpur RS,Dinajpur,BRRI dhan103,5.2
Rangpur RS,Dinajpur,BRRI dhan103,5
Rangpur RS,Dinajpur,BRRI dhan103,5.4
Rangpur RS,Dinajpur,BRRI dhan103,5.2
Rangpur RS,Rangpur,BRRI dhan103,5.6
Rangpur RS,Rangpur,BRRI dhan103,5.4
Rangpur RS,Rangpur,BRRI dhan103,5.2
Rangpur RS,Rangpur,BRRI dhan103,5.6
Rangpur RS,Rangpur,BRRI dhan103,5.4
Rangpur RS,Rangpur,BRRI dhan103,5.2
Rangpur RS,Rangpur,BRRI dhan103,5.3
Rangpur RS,Rangpur,BRRI dhan103,5.1
Rangpur RS,Rangpur,BRRI dhan103,5.6
Rangpur RS,Rangpur,BRRI dhan103,5.2
Rangpur RS,Kurigram,BRRI dhan103,5.2
Rangpur RS,Kurigram,BRRI dhan103,5.4
Rangpur RS,Kurigram,BRRI dhan103,5.2
Rangpur RS,Kurigram,BRRI dhan103,4.9
Rangpur RS,Kurigram,BRRI dhan103,4.6
Rangpur RS,Kurigram,BRRI dhan103,4.7
Rangpur RS,Kurigram,BRRI dhan103,5.2
Rangpur RS,Kurigram,BRRI dhan103,5.6
Rangpur RS,Kurigram,BRRI dhan103,5.4
Rangpur RS,Kurigram,BRRI dhan103,5.2
Rangpur RS,Kurigram,BRRI dhan103,5.1
Rangpur RS,Kurigram,BRRI dhan103,5.3
Rangpur RS,Kurigram,BRRI dhan103,5.2
Rangpur RS,Kurigram,BRRI dhan103,5.4
Rangpur RS,Kurigram,BRRI dhan103,5.8
Rangpur RS,Lalmonirhat,BRRI dhan103,5.7
Rangpur RS,Lalmonirhat,BRRI dhan103,4.9
Rangpur RS,Lalmonirhat,BRRI dhan103,4.8
Rangpur RS,Lalmonirhat,BRRI dhan103,5.6
Rangpur RS,Lalmonirhat,BRRI dhan103,5.2
Rangpur RS,Lalmonirhat,BRRI dhan103,5.1
Rangpur RS,Lalmonirhat,BRRI dhan103,5.2
Rangpur RS,Lalmonirhat,BRRI dhan103,5.6
Rangpur RS,Lalmonirhat,BRRI dhan103,5.4
Rangpur RS,Lalmonirhat,BRRI dhan103,5.2
Rangpur RS,Nilphamari,BRRI dhan103,5.2
Rangpur RS,Nilphamari,BRRI dhan103,5
Rangpur RS,Nilphamari,BRRI dhan103,5.1
Rangpur RS,Nilphamari,BRRI dhan103,5.2
Rangpur RS,Nilphamari,BRRI dhan103,5.6
Rangpur RS,Nilphamari,BRRI dhan103,5.2
Rangpur RS,Nilphamari,BRRI dhan103,5.4
Rangpur RS,Nilphamari,BRRI dhan103,5.7
Rangpur RS,Nilphamari,BRRI dhan103,5.9
Rangpur RS,Nilphamari,BRRI dhan103,6.2
Rangpur RS,Nilphamari,BRRI dhan103,6
Rangpur RS,Nilphamari,BRRI dhan103,5.8
Rangpur RS,Nilphamari,BRRI dhan103,4.5
Rangpur RS,Nilphamari,BRRI dhan103,4.8
Rangpur RS,Nilphamari,BRRI dhan103,4.9
Rangpur RS,Gaibandha,BRRI dhan103,6.1
Rangpur RS,Gaibandha,BRRI dhan103,5.4
Rangpur RS,Gaibandha,BRRI dhan103,5.8
Rangpur RS,Gaibandha,BRRI dhan103,5.2
Rangpur RS,Gaibandha,BRRI dhan103,5.4
Rangpur RS,Gaibandha,BRRI dhan103,5.8
Rangpur RS,Gaibandha,BRRI dhan103,5.6
Rangpur RS,Gaibandha,BRRI dhan103,5.1
Rangpur RS,Gaibandha,BRRI dhan103,6.3
Rangpur RS,Gaibandha,BRRI dhan103,6
Rangpur RS,Rangpur,BRRI dhan103,6.2
Rangpur RS,Rangpur,BRRI dhan103,5.8
Rangpur RS,Rangpur,BRRI dhan103,5.2
Rangpur RS,Rangpur,BRRI dhan103,5.4
Rangpur RS,Rangpur,BRRI dhan103,5.6
Rangpur RS,Rangpur,BRRI dhan103,5.4
Rangpur RS,Rangpur,BRRI dhan103,5.8
Rangpur RS,Rangpur,BRRI dhan103,5.6
Rangpur RS,Rangpur,BRRI dhan103,5.4
Rangpur RS,Rangpur,BRRI dhan103,5.2
Rangpur RS,Rangpur,BRRI dhan103,5
Rangpur RS,Rangpur,BRRI dhan103,5.7
Rangpur RS,Kurigram,BRRI dhan103,5.4
Rangpur RS,Nilphamari,BRRI dhan103,5.6
Rangpur RS,Rangpur,BRRI dhan103,5.9
Rangpur RS,Lalmonirhat,BRRI dhan103,5.2
Rangpur RS,Kurigram,BRRI dhan103,5.4
Rangpur RS,Gaibandha,BRRI dhan103,5.6
Rangpur RS,Rangpur,BRRI dhan103,5.2
Rangpur RS,Rangpur,BRRI dhan103,5.1
Rangpur RS,Rangpur,BRRI dhan103,5.6
Rangpur RS,Kurigram,BRRI dhan103,5.4
Rangpur RS,Kurigram,BRRI dhan103,5.8
Rangpur RS,Rangpur,BRRI dhan103,5.6
Rangpur RS,Gaibandha,BRRI dhan103,5.4
Rangpur RS,Gaibandha,BRRI dhan103,5.2
Rangpur RS,Gaibandha,BRRI dhan103,5.3
Rangpur RS,Gaibandha,BRRI dhan103,5.7
Rangpur RS,Rangpur,BRRI dhan103,5.8
Rangpur RS,Kurigram,BRRI dhan103,6.2
Rangpur RS,Rangpur,BRRI dhan103,6.5
Rangpur RS,Dinajpur,BRRI dhan103,6.4
Rangpur RS,Dinajpur,BRRI dhan103,5.2
Rangpur RS,Dinajpur,BRRI dhan103,6.3
Rangpur RS,Dinajpur,BRRI dhan103,6.1
Rangpur RS,Dinajpur,BRRI dhan103,6.2
Rangpur RS,Dinajpur,BRRI dhan103,5.4
Rangpur RS,Dinajpur,BRRI dhan103,5.8
Rangpur RS,Dinajpur,BRRI dhan103,5.2
Rangpur RS,Dinajpur,BRRI dhan103,5.8
Rangpur RS,Dinajpur,BRRI dhan103,5.8
Rangpur RS,Dinajpur,BRRI dhan103,5.4
Rangpur RS,Dinajpur,BRRI dhan103,5.8
RS NA,Jashore,BRRI dhan103,5.85
RS NA,Jashore,BRRI dhan103,6.15
RS NA,Jashore,BRRI dhan103,6.32
RS NA,Jashore,BRRI dhan103,6.15
RS NA,Jashore,BRRI dhan103,6.15
RS NA,Jashore,BRRI dhan103,5.6
RS NA,Jashore,BRRI dhan103,5.45
RS NA,Jashore,BRRI dhan103,5.5
RS NA,Jashore,BRRI dhan103,5.4
RS NA,Jashore,BRRI dhan103,5.6
RS NA,Manikganj,BRRI dhan103,4.95
RS NA,Manikganj,BRRI dhan103,5.5
RS NA,Manikganj,BRRI dhan103,5.8
RS NA,Manikganj,BRRI dhan103,5.05
RS NA,Manikganj,BRRI dhan103,5.68
RS NA,Manikganj,BRRI dhan103,6
RS NA,Manikganj,BRRI dhan103,5.7
RS NA,Manikganj,BRRI dhan103,5.68
RS NA,Mymensingh,BRRI dhan103,5.5
RS NA,Mymensingh,BRRI dhan103,5.44
RS NA,Mymensingh,BRRI dhan103,5.44
RS NA,Mymensingh,BRRI dhan103,6.1
RS NA,Mymensingh,BRRI dhan103,5.09
RS NA,Mymensingh,BRRI dhan103,3.92
RS NA,Mymensingh,BRRI dhan103,4.9
RS NA,Mymensingh,BRRI dhan103,4.1
RS NA,Mymensingh,BRRI dhan103,4.15
RS NA,Mymensingh,BRRI dhan103,4.9
RS NA,Mymensingh,BRRI dhan103,3.98
RS NA,Mymensingh,BRRI dhan103,4.5
RS NA,Bandarban,BRRI dhan103,4.35
RS NA,Bandarban,BRRI dhan103,5.35
RS NA,Bandarban,BRRI dhan103,4.13
RS NA,Bandarban,BRRI dhan103,5.12
RS NA,Bandarban,BRRI dhan103,4.35
RS NA,Bandarban,BRRI dhan103,4.23
RS NA,Bandarban,BRRI dhan103,4.86
RS NA,Bandarban,BRRI dhan103,5.91
RS NA,Bandarban,BRRI dhan103,5.68
RS NA,Bandarban,BRRI dhan103,5.82
RS NA,Bandarban,BRRI dhan103,5.76
RS NA,Bandarban,BRRI dhan103,5.4
RS NA,Narsingdi,BRRI dhan103,5.6
RS NA,Narsingdi,BRRI dhan103,6.1
RS NA,Narsingdi,BRRI dhan103,6.4
RS NA,Narsingdi,BRRI dhan103,6.3
RS NA,Narsingdi,BRRI dhan103,7.2
RS NA,Narsingdi,BRRI dhan103,5.5
RS NA,Narsingdi,BRRI dhan103,4.2
RS NA,Narsingdi,BRRI dhan103,4.5
RS NA,Narsingdi,BRRI dhan103,4.9
RS NA,Narsingdi,BRRI dhan103,5.8
RS NA,Narsingdi,BRRI dhan103,6.62
RS NA,Narsingdi,BRRI dhan103,6.5
RS NA,Narsingdi,BRRI dhan103,7.2
RS NA,Narsingdi,BRRI dhan103,6.9
RS NA,Narsingdi,BRRI dhan103,6.1
RS NA,Munsiganj,BRRI dhan103,4.2
RS NA,Munsiganj,BRRI dhan103,4.17
RS NA,Munsiganj,BRRI dhan103,4.23
RS NA,Munsiganj,BRRI dhan103,8.5
RS NA,Munsiganj,BRRI dhan103,8.7
RS NA,Munsiganj,BRRI dhan103,8.9
RS NA,Kurigram,BRRI dhan103,6.64
RS NA,Kurigram,BRRI dhan103,6.129
RS NA,Kurigram,BRRI dhan103,5.912
RS NA,Kurigram,BRRI dhan103,5.643
RS NA,Kurigram,BRRI dhan103,4.92
RS NA,Kurigram,BRRI dhan103,5.51
RS NA,Kurigram,BRRI dhan103,6.35
RS NA,Kurigram,BRRI dhan103,6.78
RS NA,Kurigram,BRRI dhan103,4.91
RS NA,Kurigram,BRRI dhan103,5.51
RS NA,Rangamati,BRRI dhan103,4.91
RS NA,Rangamati,BRRI dhan103,5.12
RS NA,Rangamati,BRRI dhan103,5.21
RS NA,Rangamati,BRRI dhan103,5.31
RS NA,Rangamati,BRRI dhan103,4.91
RS NA,Rangamati,BRRI dhan103,5.91
RS NA,Rangamati,BRRI dhan103,4.921
RS NA,Rangamati,BRRI dhan103,4.62
RS NA,Rangamati,BRRI dhan103,5.59
RS NA,Rangamati,BRRI dhan103,5.81
RS NA,Kishoreganj,BRRI dhan103,6.36
RS NA,Kishoreganj,BRRI dhan103,6.12
RS NA,Kishoreganj,BRRI dhan103,6.64
RS NA,Kishoreganj,BRRI dhan103,6.51
RS NA,Kishoreganj,BRRI dhan103,5.96
RS NA,Kishoreganj,BRRI dhan103,6.31
RS NA,Kishoreganj,BRRI dhan103,6.39
RS NA,Kishoreganj,BRRI dhan103,6.45
RS NA,Kishoreganj,BRRI dhan103,5.91
RS NA,Kishoreganj,BRRI dhan103,4.914
RS NA,Tangail,BRRI dhan103,5.5
RS NA,Tangail,BRRI dhan103,6
RS NA,Tangail,BRRI dhan103,5.7
RS NA,Tangail,BRRI dhan103,5.4
RS NA,Tangail,BRRI dhan103,5.8
RS NA,Tangail,BRRI dhan103,5.928
RS NA,Tangail,BRRI dhan103,5.928
RS NA,Tangail,BRRI dhan103,5.928
RS NA,Tangail,BRRI dhan103,5.928
RS NA,Tangail,BRRI dhan103,5.928
RS NA,Jamalpur,BRRI dhan103,7
RS NA,Jamalpur,BRRI dhan103,7.5
RS NA,Jamalpur,BRRI dhan103,7.3
RS NA,Jamalpur,BRRI dhan103,7.8
RS NA,Jamalpur,BRRI dhan103,7.1
RS NA,Jamalpur,BRRI dhan103,5.5
RS NA,Jamalpur,BRRI dhan103,5.6
RS NA,Jamalpur,BRRI dhan103,5.5
RS NA,Jamalpur,BRRI dhan103,5.2
RS NA,Jamalpur,BRRI dhan103,5.5
RS NA,Gazipur,BRRI dhan103,5.43
RS NA,Gazipur,BRRI dhan103,5.36
RS NA,Gazipur,BRRI dhan103,5.1
RS NA,Gazipur,BRRI dhan103,5.25
RS NA,Gazipur,BRRI dhan103,4.86
RS NA,Gazipur,BRRI dhan103,4.91
RS NA,Gazipur,BRRI dhan103,5
RS NA,Gazipur,BRRI dhan103,5.2
RS NA,Gazipur,BRRI dhan103,4.49
RS NA,Gazipur,BRRI dhan103,4.9
RS NA,Gazipur,BRRI dhan103,4.83
RS NA,Gazipur,BRRI dhan103,5
RS NA,Gazipur,BRRI dhan103,5.37
RS NA,Gazipur,BRRI dhan103,5.18
RS NA,Gazipur,BRRI dhan103,5.1
RS NA,Gazipur,BRRI dhan103,4.83
RS NA,Gazipur,BRRI dhan103,5.6
RS NA,Gazipur,BRRI dhan103,5.42
RS NA,Gazipur,BRRI dhan103,4.54
RS NA,Khulna,BRRI dhan103,5.26
RS NA,Khulna,BRRI dhan103,5.18
RS NA,Khulna,BRRI dhan103,6.34
RS NA,Khulna,BRRI dhan103,5
RS NA,Khulna,BRRI dhan103,5.14
RS NA,Khulna,BRRI dhan103,6.61
RS NA,Khulna,BRRI dhan103,5.23
RS NA,Khulna,BRRI dhan103,4.89
RS NA,Khulna,BRRI dhan103,5
RS NA,Khulna,BRRI dhan103,6.34
RS NA,Sherpur,BRRI dhan103,5.43
RS NA,Sherpur,BRRI dhan103,5.36
RS NA,Sherpur,BRRI dhan103,5.1
RS NA,Sherpur,BRRI dhan103,5.25
RS NA,Sherpur,BRRI dhan103,4.86
RS NA,Sherpur,BRRI dhan103,4.93
RS NA,Sherpur,BRRI dhan103,6.34
RS NA,Sherpur,BRRI dhan103,6.12
RS NA,Sherpur,BRRI dhan103,6.64
RS NA,Sherpur,BRRI dhan103,6.49
RS NA,Sherpur,BRRI dhan103,5.96
RS NA,Sherpur,BRRI dhan103,6.31
RS NA,Sherpur,BRRI dhan103,6.38
RS NA,Sherpur,BRRI dhan103,6.45
RS NA,Sherpur,BRRI dhan103,5.91
RS NA,Sherpur,BRRI dhan103,6.64
RS NA,Sherpur,BRRI dhan103,6.52
RS NA,Sherpur,BRRI dhan103,4.21
RS NA,Sherpur,BRRI dhan103,4.17
RS NA,Sherpur,BRRI dhan103,4.23
RS NA,Sylhet,BRRI dhan103,8.51
RS NA,Sylhet,BRRI dhan103,8.7
RS NA,Sylhet,BRRI dhan103,8.9
RS NA,Sylhet,BRRI dhan103,6.64
RS NA,Sylhet,BRRI dhan103,6.12
RS NA,Sylhet,BRRI dhan103,5.91
RS NA,Sylhet,BRRI dhan103,8.51
RS NA,Sylhet,BRRI dhan103,8.72
RS NA,Sylhet,BRRI dhan103,8.71
RS NA,Sylhet,BRRI dhan103,6.64
RS NA,Khagrachari,BRRI dhan103,6.12
RS NA,Khagrachari,BRRI dhan103,5.61
RS NA,Khagrachari,BRRI dhan103,4.54
RS NA,Khagrachari,BRRI dhan103,5.26
RS NA,Khagrachari,BRRI dhan103,5.21
RS NA,Cox'bazar,BRRI dhan103,6.34
RS NA,Cox'bazar,BRRI dhan103,6.45
RS NA,Cox'bazar,BRRI dhan103,5.91
RS NA,Cox'bazar,BRRI dhan103,6.36
RS NA,Cox'bazar,BRRI dhan103,6.51
RS NA,Khagrachari,BRRI dhan103,4.23
RS NA,Khagrachari,BRRI dhan103,4.23
RS NA,Khagrachari,BRRI dhan103,5.56
RS NA,Khagrachari,BRRI dhan103,6.63
RS NA,Khagrachari,BRRI dhan103,6.354
RS NA,Khagrachari,BRRI dhan103,5.49
RS NA,Khagrachari,BRRI dhan103,6.64
RS NA,Khagrachari,BRRI dhan103,6.25
RS NA,Khagrachari,BRRI dhan103,6.91
RS NA,Khagrachari,BRRI dhan103,4.56
RS NA,Gaibandha,BRRI dhan103,4.65
RS NA,Gaibandha,BRRI dhan103,5.15
RS NA,Gaibandha,BRRI dhan103,5.54
RS NA,Gaibandha,BRRI dhan103,5.45
RS NA,Gaibandha,BRRI dhan103,5.12
RS NA,Gaibandha,BRRI dhan103,5.46
RS NA,Gaibandha,BRRI dhan103,6.89
RS NA,Gaibandha,BRRI dhan103,6.32
RS NA,Gaibandha,BRRI dhan103,6.65
RS NA,Gaibandha,BRRI dhan103,6.12
RS NA,Gaibandha,BRRI dhan103,5.456
RS NA,Gaibandha,BRRI dhan103,3.91
RS NA,Gaibandha,BRRI dhan103,4.64
RS NA,Gaibandha,BRRI dhan103,6.12
RS NA,Gaibandha,BRRI dhan103,6.98
RS NA,Gaibandha,BRRI dhan103,4.56
RS NA,Gaibandha,BRRI dhan103,4.23
RS NA,Gaibandha,BRRI dhan103,5.12
RS NA,Gaibandha,BRRI dhan103,4.36
RS NA,Gaibandha,BRRI dhan103,4.91
RS NA,Netrokona,BRRI dhan103,5.63
RS NA,Netrokona,BRRI dhan103,5.36
RS NA,Netrokona,BRRI dhan103,4.39
RS NA,Netrokona,BRRI dhan103,6.64
RS NA,Netrokona,BRRI dhan103,6.86
RS NA,Netrokona,BRRI dhan103,5.64
RS NA,Netrokona,BRRI dhan103,5.36
RS NA,Netrokona,BRRI dhan103,5.12
RS NA,Netrokona,BRRI dhan103,6.32
RS NA,Netrokona,BRRI dhan103,6.65
RS NA,Gopalganj,BRRI dhan103,6.5
RS NA,Gopalganj,BRRI dhan103,6.2
RS NA,Gopalganj,BRRI dhan103,6.1
RS NA,Gopalganj,BRRI dhan103,6.3
RS NA,Gopalganj,BRRI dhan103,6.5
RS NA,Gopalganj,BRRI dhan103,6.4
RS NA,Gopalganj,BRRI dhan103,6.1
RS NA,Gopalganj,BRRI dhan103,6.2
RS NA,Gopalganj,BRRI dhan103,6
RS NA,Gopalganj,BRRI dhan103,6.4
RS NA,Gopalganj,BRRI dhan103,6.3
RS NA,Gopalganj,BRRI dhan103,6.1
RS NA,Gopalganj,BRRI dhan103,6.2
RS NA,Gopalganj,BRRI dhan103,6
RS NA,Gopalganj,BRRI dhan103,6.4
RS NA,Gopalganj,BRRI dhan103,6.3
RS NA,Gopalganj,BRRI dhan103,6.5
RS NA,Gopalganj,BRRI dhan103,6.2
RS NA,Gopalganj,BRRI dhan103,6.1
RS NA,Gopalganj,BRRI dhan103,6.3
RS NA,Gopalganj,BRRI dhan103,6.4
RS NA,Gopalganj,BRRI dhan103,6.3
RS NA,Gopalganj,BRRI dhan103,6.1
RS NA,Gopalganj,BRRI dhan103,6
RS NA,Gopalganj,BRRI dhan103,6.4
RS NA,Gopalganj,BRRI dhan103,6.3
RS NA,Gopalganj,BRRI dhan103,6.2
RS NA,Gopalganj,BRRI dhan103,6.1
RS NA,Gopalganj,BRRI dhan103,6
RS NA,Gopalganj,BRRI dhan103,6.4
RS NA,Gopalganj,BRRI dhan103,6.3
RS NA,Gopalganj,BRRI dhan103,6.2
RS NA,Gopalganj,BRRI dhan103,6.1
RS NA,Gopalganj,BRRI dhan103,6.2
RS NA,Gopalganj,BRRI dhan103,6
RS NA,Gopalganj,BRRI dhan103,6.1
RS NA,Gopalganj,BRRI dhan103,6.3
RS NA,Gopalganj,BRRI dhan103,6.4
RS NA,Gopalganj,BRRI dhan103,6.3
RS NA,Gopalganj,BRRI dhan103,6.2
RS NA,Gopalganj,BRRI dhan103,6.1
RS NA,Gopalganj,BRRI dhan103,6.2
RS NA,Gopalganj,BRRI dhan103,6
RS NA,Gopalganj,BRRI dhan103,6.1
RS NA,Gopalganj,BRRI dhan103,6.3
RS NA,Gopalganj,BRRI dhan103,6.4
RS NA,Gopalganj,BRRI dhan103,6.5
RS NA,Gopalganj,BRRI dhan103,6.2
RS NA,Gopalganj,BRRI dhan103,6.2
RS NA,Gopalganj,BRRI dhan103,6.1
RS NA,Gopalganj,BRRI dhan103,6.3
RS NA,Gopalganj,BRRI dhan103,6.2
RS NA,Gopalganj,BRRI dhan103,6.3
RS NA,Gopalganj,BRRI dhan103,6.1
RS NA,Gopalganj,BRRI dhan103,6.2
RS NA,Gopalganj,BRRI dhan103,6.1
RS NA,Gopalganj,BRRI dhan103,6.3
RS NA,Gopalganj,BRRI dhan103,6.3
RS NA,Gopalganj,BRRI dhan103,6.4
RS NA,Gopalganj,BRRI dhan103,6.1
RS NA,Gopalganj,BRRI dhan103,6.3
RS NA,Gopalganj,BRRI dhan103,6.2
RS NA,Gopalganj,BRRI dhan103,6.1
RS NA,Gopalganj,BRRI dhan103,6.2
RS NA,Gopalganj,BRRI dhan103,6.3
RS NA,Gopalganj,BRRI dhan103,6.4
RS NA,Gopalganj,BRRI dhan103,6.1
RS NA,Gopalganj,BRRI dhan103,6.2
RS NA,Gopalganj,BRRI dhan103,6.3
RS NA,Gopalganj,BRRI dhan103,6.1
RS NA,Gopalganj,BRRI dhan103,6.2
RS NA,Gopalganj,BRRI dhan103,6.1
RS NA,Gopalganj,BRRI dhan103,6
RS NA,Gopalganj,BRRI dhan103,6.2
RS NA,Gopalganj,BRRI dhan103,6.5
RS NA,Gopalganj,BRRI dhan103,6.9
RS NA,Gopalganj,BRRI dhan103,5.8
RS NA,Gopalganj,BRRI dhan103,5.9
RS NA,Gopalganj,BRRI dhan103,6.1
RS NA,Gopalganj,BRRI dhan103,6.2
RS NA,Gopalganj,BRRI dhan103,6.3
RS NA,Gopalganj,BRRI dhan103,6.1
RS NA,Gopalganj,BRRI dhan103,5.9
RS NA,Gopalganj,BRRI dhan103,6.2
RS NA,Gopalganj,BRRI dhan103,6.3
RS NA,Gopalganj,BRRI dhan103,6.1
RS NA,Gopalganj,BRRI dhan103,6
RS NA,Gopalganj,BRRI dhan103,6.2
RS NA,Gopalganj,BRRI dhan103,6 .1
RS NA,Gopalganj,BRRI dhan103,6.1
RS NA,Gopalganj,BRRI dhan103,6
RS NA,Gopalganj,BRRI dhan103,5.9
RS NA,Gopalganj,BRRI dhan103,6.2
RS NA,Gopalganj,BRRI dhan103,6.1
RS NA,Gopalganj,BRRI dhan103,6.2
RS NA,Gopalganj,BRRI dhan103,6.1
RS NA,Gopalganj,BRRI dhan103,6.2
RS NA,Gopalganj,BRRI dhan103,6.1
RS NA,Gopalganj,BRRI dhan103,6.2
RS NA,Gopalganj,BRRI dhan103,6
RS NA,Gopalganj,BRRI dhan103,6.1
RS NA,Gopalganj,BRRI dhan103,6.1
RS NA,Gopalganj,BRRI dhan103,6.1
RS NA,Gopalganj,BRRI dhan103,6.1
RS NA,Gopalganj,BRRI dhan103,6.2
RS NA,Gopalganj,BRRI dhan103,6.3
RS NA,Gopalganj,BRRI dhan103,6.1
RS NA,Gopalganj,BRRI dhan103,6.2
RS NA,Gopalganj,BRRI dhan103,6
RS NA,Gopalganj,BRRI dhan103,6.1
RS NA,Gopalganj,BRRI dhan103,6.1
RS NA,Gopalganj,BRRI dhan103,6.1
RS NA,Gopalganj,BRRI dhan103,6.2
RS NA,Gopalganj,BRRI dhan103,6.1
RS NA,Gopalganj,BRRI dhan103,6.2
RS NA,Gopalganj,BRRI dhan103,6.1
RS NA,Gopalganj,BRRI dhan103,6.2
RS NA,Gopalganj,BRRI dhan103,6.1
RS NA,Gopalganj,BRRI dhan103,6.2
RS NA,Gopalganj,BRRI dhan103,6.1
RS NA,Gopalganj,BRRI dhan103,6.2
RS NA,Gopalganj,BRRI dhan103,6.2
RS NA,Gopalganj,BRRI dhan103,6.1
RS NA,Gopalganj,BRRI dhan103,6.2
RS NA,Gopalganj,BRRI dhan103,6.1
RS NA,Gopalganj,BRRI dhan103,6.2
RS NA,Gopalganj,BRRI dhan103,6.1
RS NA,Gopalganj,BRRI dhan103,6.2
RS NA,Gopalganj,BRRI dhan103,6.1
RS NA,Gopalganj,BRRI dhan103,6.2
RS NA,Gopalganj,BRRI dhan103,6.1
RS NA,Bagherhat,BRRI dhan103,6.1
RS NA,Bagherhat,BRRI dhan103,6.2
RS NA,Bagherhat,BRRI dhan103,6.1
RS NA,Bagherhat,BRRI dhan103,6.1
RS NA,Bagherhat,BRRI dhan103,6
RS NA,Bagherhat,BRRI dhan103,6.2
RS NA,Bagherhat,BRRI dhan103,6.1
RS NA,Bagherhat,BRRI dhan103,6.2
RS NA,Bagherhat,BRRI dhan103,6.1
RS NA,Bagherhat,BRRI dhan103,6.1
RS NA,Bagherhat,BRRI dhan103,6.2
RS NA,Bagherhat,BRRI dhan103,6.1
RS NA,Bagherhat,BRRI dhan103,6.1
RS NA,Bagherhat,BRRI dhan103,6.2
RS NA,Bagherhat,BRRI dhan103,6.1
RS NA,Bagherhat,BRRI dhan103,6
RS NA,Bagherhat,BRRI dhan103,6
RS NA,Bagherhat,BRRI dhan103,6.1
RS NA,Bagherhat,BRRI dhan103,6.2
RS NA,Bagherhat,BRRI dhan103,6.1
RS NA,Bagherhat,BRRI dhan103,6
RS NA,Bagherhat,BRRI dhan103,6
RS NA,Bagherhat,BRRI dhan103,6.2
RS NA,Bagherhat,BRRI dhan103,5.9
RS NA,Bagherhat,BRRI dhan103,6.1
RS NA,Bagherhat,BRRI dhan103,6.2
RS NA,Bagherhat,BRRI dhan103,6.1
RS NA,Bagherhat,BRRI dhan103,6.2
RS NA,Bagherhat,BRRI dhan103,6.1
RS NA,Bagherhat,BRRI dhan103,6.1
RS NA,Bagherhat,BRRI dhan103,5.9
RS NA,Bagherhat,BRRI dhan103,5.9
RS NA,Bagherhat,BRRI dhan103,6
RS NA,Bagherhat,BRRI dhan103,6.1
RS NA,Bagherhat,BRRI dhan103,6.2
RS NA,Bagherhat,BRRI dhan103,6
RS NA,Bagherhat,BRRI dhan103,5.8
RS NA,Bagherhat,BRRI dhan103,5.9
RS NA,Bagherhat,BRRI dhan103,6
RS NA,Bagherhat,BRRI dhan103,6.1
RS NA,Bagherhat,BRRI dhan103,6.1
RS NA,Bagherhat,BRRI dhan103,6.2
RS NA,Bagherhat,BRRI dhan103,6.1
RS NA,Bagherhat,BRRI dhan103,6
RS NA,Bagherhat,BRRI dhan103,6
RS NA,Bagherhat,BRRI dhan103,5.9
RS NA,Bagherhat,BRRI dhan103,6.1
RS NA,Bagherhat,BRRI dhan103,6.1
RS NA,Bagherhat,BRRI dhan103,6.2
RS NA,Bagherhat,BRRI dhan103,6.1
RS NA,Bagherhat,BRRI dhan103,6
RS NA,Bagherhat,BRRI dhan103,6
RS NA,Bagherhat,BRRI dhan103,5.9
RS NA,Bagherhat,BRRI dhan103,6. 6.1
RS NA,Bagherhat,BRRI dhan103,6
RS NA,Bagherhat,BRRI dhan103,5.8
RS NA,Bagherhat,BRRI dhan103,5.9
RS NA,Bagherhat,BRRI dhan103,6.1
RS NA,Bagherhat,BRRI dhan103,6
RS NA,Bagherhat,BRRI dhan103,5.9
RS NA,Bagherhat,BRRI dhan103,6
RS NA,Bagherhat,BRRI dhan103,6.1
RS NA,Bagherhat,BRRI dhan103,5.8
RS NA,Bagherhat,BRRI dhan103,5.8
RS NA,Bagherhat,BRRI dhan103,5.9
RS NA,Bagherhat,BRRI dhan103,6
RS NA,Bagherhat,BRRI dhan103,6.1
RS NA,Bagherhat,BRRI dhan103,5.8
RS NA,Bagherhat,BRRI dhan103,5.9
RS NA,Bagherhat,BRRI dhan103,6
RS NA,Bagherhat,BRRI dhan103,6.1
RS NA,Bagherhat,BRRI dhan103,5.8
RS NA,Bagherhat,BRRI dhan103,5.9
RS NA,Bagherhat,BRRI dhan103,6.1
RS NA,Bagherhat,BRRI dhan103,6.2
